-- =============================================
-- Seed Data for System Planning Budget Management
-- FY65(2025)-FY70(2030), multiple systems and expense items
-- Amount unit: thousand yen (tax-excluded)
-- =============================================

-- Users
INSERT OR IGNORE INTO users (id, email, name, role) VALUES
  (1, 'admin@example.com', '山田 太郎', 'admin'),
  (2, 'tanaka@example.com', '田中 花子', 'manager'),
  (3, 'suzuki@example.com', '鈴木 一郎', 'editor'),
  (4, 'sato@example.com', '佐藤 美咲', 'viewer');

-- Fiscal Years (FY65=2025 - FY70=2030)
INSERT OR IGNORE INTO fiscal_years (id, code, name, start_date, end_date, is_active) VALUES
  (1, 'FY65', '2025年度(FY65)', '2025-04-01', '2026-03-31', 1),
  (2, 'FY66', '2026年度(FY66)', '2026-04-01', '2027-03-31', 0),
  (3, 'FY67', '2027年度(FY67)', '2027-04-01', '2028-03-31', 0),
  (4, 'FY68', '2028年度(FY68)', '2028-04-01', '2029-03-31', 0),
  (5, 'FY69', '2029年度(FY69)', '2029-04-01', '2030-03-31', 0),
  (6, 'FY70', '2030年度(FY70)', '2030-04-01', '2031-03-31', 0);

-- System Domains
INSERT OR IGNORE INTO system_domains (id, code, name, sort_order) VALUES
  (1, 'CORE', '基幹系', 1),
  (2, 'CENTER', 'センター系', 2),
  (3, 'CHANNEL', 'チャネル系', 3),
  (4, 'COMMON', '共通基盤', 4);

-- Systems
INSERT OR IGNORE INTO systems (id, domain_id, code, name, description, sort_order) VALUES
  -- 基幹系
  (1, 1, 'CORE-AUTH', 'オーソリシステム', 'カード決済オーソリゼーション処理', 1),
  (2, 1, 'CORE-BILLING', '請求システム', '加盟店向け請求処理', 2),
  (3, 1, 'CORE-MEMBER', '会員管理システム', 'カード会員情報管理', 3),
  (4, 1, 'CORE-CAFIS', 'CAFIS接続', 'NTTデータCAFIS接続基盤', 4),
  (5, 1, 'CORE-CARDNET', 'CARDNET接続', 'CARDNET接続基盤', 5),
  -- センター系
  (6, 2, 'CTR-ACCOUNTING', '経理システム', '社内経理・会計処理', 1),
  (7, 2, 'CTR-HR', '人事システム', '人事・給与管理', 2),
  (8, 2, 'CTR-DATAMART', 'データマート', '経営情報分析基盤', 3),
  -- チャネル系
  (9, 3, 'CH-WEB', 'Web会員サービス', 'インターネット会員向けサービス', 1),
  (10, 3, 'CH-APP', 'モバイルアプリ', 'スマートフォンアプリ基盤', 2),
  (11, 3, 'CH-ATM', 'ATM連携', 'ATMネットワーク接続', 3),
  -- 共通基盤
  (12, 4, 'CMN-NW', 'ネットワーク基盤', '社内WAN/LAN・インターネット接続', 1),
  (13, 4, 'CMN-SEC', 'セキュリティ基盤', 'FW・IDS/IPS・WAF等', 2),
  (14, 4, 'CMN-CLOUD', 'クラウド基盤', 'AWS/Azure共通環境', 3),
  (15, 4, 'CMN-MAIL', 'メール・グループウェア', 'Microsoft365・社内コミュニケーション', 4);

-- Expense Categories
INSERT OR IGNORE INTO expense_categories (id, code, name, sort_order) VALUES
  (1, 'HW', 'ハードウェア', 1),
  (2, 'SW', 'ソフトウェアライセンス', 2),
  (3, 'CLOUD', 'クラウドサービス', 3),
  (4, 'NW', 'ネットワーク', 4),
  (5, 'MAINT', '保守・サポート', 5),
  (6, 'DEV', '開発費', 6),
  (7, 'HR', '人件費(外注・派遣)', 7),
  (8, 'OTHER', 'その他', 8);

-- Expense Items
INSERT OR IGNORE INTO expense_items (id, category_id, code, name, is_taxable, sort_order) VALUES
  -- ハードウェア
  (1, 1, 'HW-LEASE', 'リース料', 1, 1),
  (2, 1, 'HW-BUY', '購入費', 1, 2),
  (3, 1, 'HW-MAINT', 'ハードウェア保守', 1, 3),
  -- ソフトウェアライセンス
  (4, 2, 'SW-LICENSE', 'ライセンス料', 1, 1),
  (5, 2, 'SW-MAINT', 'ソフトウェア保守', 1, 2),
  (6, 2, 'SW-SAAS', 'SaaS利用料', 1, 3),
  -- クラウドサービス
  (7, 3, 'CLD-AWS', 'AWS利用料', 0, 1),
  (8, 3, 'CLD-AZURE', 'Azure利用料', 0, 2),
  (9, 3, 'CLD-OTHER', 'その他クラウド', 1, 3),
  -- ネットワーク
  (10, 4, 'NW-LINE', '回線費用', 1, 1),
  (11, 4, 'NW-EQUIP', 'ネットワーク機器', 1, 2),
  (12, 4, 'NW-MAINT', 'ネットワーク保守', 1, 3),
  -- 保守・サポート
  (13, 5, 'MT-VENDOR', 'ベンダー保守', 1, 1),
  (14, 5, 'MT-MONITOR', '監視・運用', 1, 2),
  (15, 5, 'MT-SUPPORT', 'ヘルプデスク', 1, 3),
  -- 開発費
  (16, 6, 'DEV-NEW', '新規開発', 1, 1),
  (17, 6, 'DEV-ENH', '改修・機能追加', 1, 2),
  (18, 6, 'DEV-TEST', 'テスト・検証', 1, 3),
  -- 人件費
  (19, 7, 'HR-OUT', '外注費', 1, 1),
  (20, 7, 'HR-TEMP', '派遣費', 1, 2),
  (21, 7, 'HR-CONSULT', 'コンサルティング費', 1, 3),
  -- その他
  (22, 8, 'OTH-TRAIN', '教育・研修費', 1, 1),
  (23, 8, 'OTH-MISC', '消耗品・事務用品', 1, 2),
  (24, 8, 'OTH-TRAVEL', '出張・交通費', 0, 3);

-- =============================================
-- Budget Data for FY65 (2025) - Active year with all 4 amount types
-- Representative data for key systems
-- =============================================

-- Helper: Generate monthly data for a system×item combination
-- CORE-AUTH: オーソリシステム - ハードウェアリース
INSERT OR IGNORE INTO budget_data (fiscal_year_id, system_id, expense_item_id, month, initial_plan, revised_plan, forecast, actual, contract_partner) VALUES
  (1, 1, 1, 1, 2500, 2500, 2500, 2500, 'IBM Japan'),
  (1, 1, 1, 2, 2500, 2500, 2500, 2500, 'IBM Japan'),
  (1, 1, 1, 3, 2500, 2500, 2500, 2480, 'IBM Japan'),
  (1, 1, 1, 4, 2500, 2500, 2500, 2500, 'IBM Japan'),
  (1, 1, 1, 5, 2500, 2500, 2500, 2520, 'IBM Japan'),
  (1, 1, 1, 6, 2500, 2500, 2500, 2500, 'IBM Japan'),
  (1, 1, 1, 7, 2500, 2500, 2500, 2500, 'IBM Japan'),
  (1, 1, 1, 8, 2500, 2500, 2500, 2510, 'IBM Japan'),
  (1, 1, 1, 9, 2500, 2500, 2500, 2500, 'IBM Japan'),
  (1, 1, 1, 10, 2500, 2500, 2500, 2490, 'IBM Japan'),
  (1, 1, 1, 11, 2500, 2500, 2500, 0, 'IBM Japan'),
  (1, 1, 1, 12, 2500, 2500, 2500, 0, 'IBM Japan');

-- CORE-AUTH: ソフトウェア保守
INSERT OR IGNORE INTO budget_data (fiscal_year_id, system_id, expense_item_id, month, initial_plan, revised_plan, forecast, actual, contract_partner) VALUES
  (1, 1, 5, 1, 1800, 1800, 1800, 1800, 'IBM Japan'),
  (1, 1, 5, 2, 1800, 1800, 1800, 1800, 'IBM Japan'),
  (1, 1, 5, 3, 1800, 1800, 1800, 1790, 'IBM Japan'),
  (1, 1, 5, 4, 1800, 1800, 1800, 1800, 'IBM Japan'),
  (1, 1, 5, 5, 1800, 1800, 1800, 1800, 'IBM Japan'),
  (1, 1, 5, 6, 1800, 1800, 1800, 1810, 'IBM Japan'),
  (1, 1, 5, 7, 1800, 1800, 1800, 1800, 'IBM Japan'),
  (1, 1, 5, 8, 1800, 1800, 1800, 1800, 'IBM Japan'),
  (1, 1, 5, 9, 1800, 1800, 1800, 1800, 'IBM Japan'),
  (1, 1, 5, 10, 1800, 1800, 1800, 1800, 'IBM Japan'),
  (1, 1, 5, 11, 1800, 1800, 1800, 0, 'IBM Japan'),
  (1, 1, 5, 12, 1800, 1800, 1800, 0, 'IBM Japan');

-- CORE-AUTH: ベンダー保守
INSERT OR IGNORE INTO budget_data (fiscal_year_id, system_id, expense_item_id, month, initial_plan, revised_plan, forecast, actual, contract_partner) VALUES
  (1, 1, 13, 1, 3200, 3200, 3200, 3200, 'IBM Japan'),
  (1, 1, 13, 2, 3200, 3200, 3200, 3200, 'IBM Japan'),
  (1, 1, 13, 3, 3200, 3200, 3200, 3150, 'IBM Japan'),
  (1, 1, 13, 4, 3200, 3500, 3500, 3500, 'IBM Japan'),
  (1, 1, 13, 5, 3200, 3500, 3500, 3480, 'IBM Japan'),
  (1, 1, 13, 6, 3200, 3500, 3500, 3500, 'IBM Japan'),
  (1, 1, 13, 7, 3200, 3500, 3500, 3500, 'IBM Japan'),
  (1, 1, 13, 8, 3200, 3500, 3500, 3520, 'IBM Japan'),
  (1, 1, 13, 9, 3200, 3500, 3500, 3500, 'IBM Japan'),
  (1, 1, 13, 10, 3200, 3500, 3500, 3500, 'IBM Japan'),
  (1, 1, 13, 11, 3200, 3500, 3500, 0, 'IBM Japan'),
  (1, 1, 13, 12, 3200, 3500, 3500, 0, 'IBM Japan');

-- CORE-CAFIS: CAFIS接続 - 回線費用
INSERT OR IGNORE INTO budget_data (fiscal_year_id, system_id, expense_item_id, month, initial_plan, revised_plan, forecast, actual, contract_partner) VALUES
  (1, 4, 10, 1, 4500, 4500, 4500, 4500, 'NTTデータ'),
  (1, 4, 10, 2, 4500, 4500, 4500, 4500, 'NTTデータ'),
  (1, 4, 10, 3, 4500, 4500, 4500, 4480, 'NTTデータ'),
  (1, 4, 10, 4, 4500, 4500, 4500, 4500, 'NTTデータ'),
  (1, 4, 10, 5, 4500, 4500, 4500, 4520, 'NTTデータ'),
  (1, 4, 10, 6, 4500, 4800, 4800, 4800, 'NTTデータ'),
  (1, 4, 10, 7, 4500, 4800, 4800, 4800, 'NTTデータ'),
  (1, 4, 10, 8, 4500, 4800, 4800, 4810, 'NTTデータ'),
  (1, 4, 10, 9, 4500, 4800, 4800, 4800, 'NTTデータ'),
  (1, 4, 10, 10, 4500, 4800, 4800, 4790, 'NTTデータ'),
  (1, 4, 10, 11, 4500, 4800, 4800, 0, 'NTTデータ'),
  (1, 4, 10, 12, 4500, 4800, 4800, 0, 'NTTデータ');

-- CORE-CARDNET: CARDNET接続 - 回線費用
INSERT OR IGNORE INTO budget_data (fiscal_year_id, system_id, expense_item_id, month, initial_plan, revised_plan, forecast, actual, contract_partner) VALUES
  (1, 5, 10, 1, 3800, 3800, 3800, 3800, 'JCBカードネット'),
  (1, 5, 10, 2, 3800, 3800, 3800, 3800, 'JCBカードネット'),
  (1, 5, 10, 3, 3800, 3800, 3800, 3780, 'JCBカードネット'),
  (1, 5, 10, 4, 3800, 3800, 3800, 3800, 'JCBカードネット'),
  (1, 5, 10, 5, 3800, 3800, 3800, 3810, 'JCBカードネット'),
  (1, 5, 10, 6, 3800, 3800, 3800, 3800, 'JCBカードネット'),
  (1, 5, 10, 7, 3800, 3800, 3800, 3800, 'JCBカードネット'),
  (1, 5, 10, 8, 3800, 3800, 3800, 3820, 'JCBカードネット'),
  (1, 5, 10, 9, 3800, 3800, 3800, 3800, 'JCBカードネット'),
  (1, 5, 10, 10, 3800, 3800, 3800, 3800, 'JCBカードネット'),
  (1, 5, 10, 11, 3800, 3800, 3800, 0, 'JCBカードネット'),
  (1, 5, 10, 12, 3800, 3800, 3800, 0, 'JCBカードネット');

-- CORE-BILLING: 請求システム - 改修・機能追加（大型案件）
INSERT OR IGNORE INTO budget_data (fiscal_year_id, system_id, expense_item_id, month, initial_plan, revised_plan, forecast, actual, contract_partner) VALUES
  (1, 2, 17, 1, 0, 0, 0, 0, 'NRI'),
  (1, 2, 17, 2, 0, 0, 0, 0, 'NRI'),
  (1, 2, 17, 3, 5000, 5000, 5000, 4800, 'NRI'),
  (1, 2, 17, 4, 8000, 8000, 8500, 8500, 'NRI'),
  (1, 2, 17, 5, 10000, 10000, 11000, 11200, 'NRI'),
  (1, 2, 17, 6, 10000, 12000, 12000, 12100, 'NRI'),
  (1, 2, 17, 7, 8000, 10000, 10000, 10000, 'NRI'),
  (1, 2, 17, 8, 5000, 5000, 5000, 5200, 'NRI'),
  (1, 2, 17, 9, 3000, 3000, 3000, 3000, 'NRI'),
  (1, 2, 17, 10, 1000, 1000, 1000, 0, 'NRI'),
  (1, 2, 17, 11, 0, 0, 0, 0, 'NRI'),
  (1, 2, 17, 12, 0, 0, 0, 0, 'NRI');

-- CORE-MEMBER: 会員管理 - 外注費
INSERT OR IGNORE INTO budget_data (fiscal_year_id, system_id, expense_item_id, month, initial_plan, revised_plan, forecast, actual, contract_partner) VALUES
  (1, 3, 19, 1, 6000, 6000, 6000, 6000, 'TIS'),
  (1, 3, 19, 2, 6000, 6000, 6000, 6000, 'TIS'),
  (1, 3, 19, 3, 6000, 6000, 6000, 5900, 'TIS'),
  (1, 3, 19, 4, 6000, 6500, 6500, 6500, 'TIS'),
  (1, 3, 19, 5, 6000, 6500, 6500, 6500, 'TIS'),
  (1, 3, 19, 6, 6000, 6500, 6500, 6600, 'TIS'),
  (1, 3, 19, 7, 6000, 6500, 6500, 6500, 'TIS'),
  (1, 3, 19, 8, 6000, 6500, 6500, 6450, 'TIS'),
  (1, 3, 19, 9, 6000, 6500, 6500, 6500, 'TIS'),
  (1, 3, 19, 10, 6000, 6500, 6500, 6500, 'TIS'),
  (1, 3, 19, 11, 6000, 6500, 6500, 0, 'TIS'),
  (1, 3, 19, 12, 6000, 6500, 6500, 0, 'TIS');

-- CTR-ACCOUNTING: 経理システム - SaaS利用料
INSERT OR IGNORE INTO budget_data (fiscal_year_id, system_id, expense_item_id, month, initial_plan, revised_plan, forecast, actual, contract_partner) VALUES
  (1, 6, 6, 1, 800, 800, 800, 800, 'SAP Japan'),
  (1, 6, 6, 2, 800, 800, 800, 800, 'SAP Japan'),
  (1, 6, 6, 3, 800, 800, 800, 810, 'SAP Japan'),
  (1, 6, 6, 4, 800, 850, 850, 850, 'SAP Japan'),
  (1, 6, 6, 5, 800, 850, 850, 850, 'SAP Japan'),
  (1, 6, 6, 6, 800, 850, 850, 860, 'SAP Japan'),
  (1, 6, 6, 7, 800, 850, 850, 850, 'SAP Japan'),
  (1, 6, 6, 8, 800, 850, 850, 850, 'SAP Japan'),
  (1, 6, 6, 9, 800, 850, 850, 850, 'SAP Japan'),
  (1, 6, 6, 10, 800, 850, 850, 840, 'SAP Japan'),
  (1, 6, 6, 11, 800, 850, 850, 0, 'SAP Japan'),
  (1, 6, 6, 12, 800, 850, 850, 0, 'SAP Japan');

-- CTR-DATAMART: データマート - AWS利用料
INSERT OR IGNORE INTO budget_data (fiscal_year_id, system_id, expense_item_id, month, initial_plan, revised_plan, forecast, actual, contract_partner) VALUES
  (1, 8, 7, 1, 1200, 1200, 1200, 1180, 'AWS'),
  (1, 8, 7, 2, 1200, 1200, 1200, 1220, 'AWS'),
  (1, 8, 7, 3, 1200, 1200, 1200, 1250, 'AWS'),
  (1, 8, 7, 4, 1200, 1300, 1300, 1310, 'AWS'),
  (1, 8, 7, 5, 1200, 1300, 1300, 1280, 'AWS'),
  (1, 8, 7, 6, 1200, 1300, 1400, 1420, 'AWS'),
  (1, 8, 7, 7, 1200, 1300, 1400, 1380, 'AWS'),
  (1, 8, 7, 8, 1200, 1300, 1400, 1450, 'AWS'),
  (1, 8, 7, 9, 1200, 1300, 1400, 1400, 'AWS'),
  (1, 8, 7, 10, 1200, 1300, 1400, 1410, 'AWS'),
  (1, 8, 7, 11, 1200, 1300, 1400, 0, 'AWS'),
  (1, 8, 7, 12, 1200, 1300, 1400, 0, 'AWS');

-- CH-WEB: Web会員サービス - 新規開発（大型）
INSERT OR IGNORE INTO budget_data (fiscal_year_id, system_id, expense_item_id, month, initial_plan, revised_plan, forecast, actual, contract_partner) VALUES
  (1, 9, 16, 1, 0, 0, 0, 0, 'アクセンチュア'),
  (1, 9, 16, 2, 3000, 3000, 3000, 2800, 'アクセンチュア'),
  (1, 9, 16, 3, 5000, 5000, 5000, 5100, 'アクセンチュア'),
  (1, 9, 16, 4, 8000, 8000, 9000, 9200, 'アクセンチュア'),
  (1, 9, 16, 5, 10000, 12000, 12000, 12500, 'アクセンチュア'),
  (1, 9, 16, 6, 12000, 15000, 15000, 15200, 'アクセンチュア'),
  (1, 9, 16, 7, 10000, 12000, 12000, 11800, 'アクセンチュア'),
  (1, 9, 16, 8, 8000, 8000, 8000, 8100, 'アクセンチュア'),
  (1, 9, 16, 9, 5000, 5000, 5000, 5000, 'アクセンチュア'),
  (1, 9, 16, 10, 3000, 3000, 3000, 0, 'アクセンチュア'),
  (1, 9, 16, 11, 1000, 1000, 1000, 0, 'アクセンチュア'),
  (1, 9, 16, 12, 0, 0, 0, 0, 'アクセンチュア');

-- CH-APP: モバイルアプリ - AWS利用料
INSERT OR IGNORE INTO budget_data (fiscal_year_id, system_id, expense_item_id, month, initial_plan, revised_plan, forecast, actual, contract_partner) VALUES
  (1, 10, 7, 1, 900, 900, 900, 880, 'AWS'),
  (1, 10, 7, 2, 900, 900, 900, 920, 'AWS'),
  (1, 10, 7, 3, 900, 900, 900, 950, 'AWS'),
  (1, 10, 7, 4, 900, 1000, 1000, 1010, 'AWS'),
  (1, 10, 7, 5, 900, 1000, 1000, 980, 'AWS'),
  (1, 10, 7, 6, 900, 1000, 1000, 1050, 'AWS'),
  (1, 10, 7, 7, 900, 1000, 1000, 990, 'AWS'),
  (1, 10, 7, 8, 900, 1000, 1100, 1120, 'AWS'),
  (1, 10, 7, 9, 900, 1000, 1100, 1100, 'AWS'),
  (1, 10, 7, 10, 900, 1000, 1100, 1080, 'AWS'),
  (1, 10, 7, 11, 900, 1000, 1100, 0, 'AWS'),
  (1, 10, 7, 12, 900, 1000, 1100, 0, 'AWS');

-- CMN-NW: ネットワーク基盤 - 回線費用
INSERT OR IGNORE INTO budget_data (fiscal_year_id, system_id, expense_item_id, month, initial_plan, revised_plan, forecast, actual, contract_partner) VALUES
  (1, 12, 10, 1, 5500, 5500, 5500, 5500, 'NTTコミュニケーションズ'),
  (1, 12, 10, 2, 5500, 5500, 5500, 5500, 'NTTコミュニケーションズ'),
  (1, 12, 10, 3, 5500, 5500, 5500, 5480, 'NTTコミュニケーションズ'),
  (1, 12, 10, 4, 5500, 5500, 5500, 5500, 'NTTコミュニケーションズ'),
  (1, 12, 10, 5, 5500, 5500, 5500, 5510, 'NTTコミュニケーションズ'),
  (1, 12, 10, 6, 5500, 5500, 5500, 5500, 'NTTコミュニケーションズ'),
  (1, 12, 10, 7, 5500, 5500, 5500, 5500, 'NTTコミュニケーションズ'),
  (1, 12, 10, 8, 5500, 5500, 5500, 5520, 'NTTコミュニケーションズ'),
  (1, 12, 10, 9, 5500, 5500, 5500, 5500, 'NTTコミュニケーションズ'),
  (1, 12, 10, 10, 5500, 5500, 5500, 5490, 'NTTコミュニケーションズ'),
  (1, 12, 10, 11, 5500, 5500, 5500, 0, 'NTTコミュニケーションズ'),
  (1, 12, 10, 12, 5500, 5500, 5500, 0, 'NTTコミュニケーションズ');

-- CMN-SEC: セキュリティ基盤 - ライセンス料
INSERT OR IGNORE INTO budget_data (fiscal_year_id, system_id, expense_item_id, month, initial_plan, revised_plan, forecast, actual, contract_partner) VALUES
  (1, 13, 4, 1, 2000, 2000, 2000, 2000, 'トレンドマイクロ'),
  (1, 13, 4, 2, 2000, 2000, 2000, 2000, 'トレンドマイクロ'),
  (1, 13, 4, 3, 2000, 2000, 2000, 2010, 'トレンドマイクロ'),
  (1, 13, 4, 4, 2000, 2200, 2200, 2200, 'トレンドマイクロ'),
  (1, 13, 4, 5, 2000, 2200, 2200, 2200, 'トレンドマイクロ'),
  (1, 13, 4, 6, 2000, 2200, 2200, 2180, 'トレンドマイクロ'),
  (1, 13, 4, 7, 2000, 2200, 2200, 2200, 'トレンドマイクロ'),
  (1, 13, 4, 8, 2000, 2200, 2200, 2200, 'トレンドマイクロ'),
  (1, 13, 4, 9, 2000, 2200, 2200, 2200, 'トレンドマイクロ'),
  (1, 13, 4, 10, 2000, 2200, 2200, 2200, 'トレンドマイクロ'),
  (1, 13, 4, 11, 2000, 2200, 2200, 0, 'トレンドマイクロ'),
  (1, 13, 4, 12, 2000, 2200, 2200, 0, 'トレンドマイクロ');

-- CMN-CLOUD: クラウド基盤 - AWS利用料
INSERT OR IGNORE INTO budget_data (fiscal_year_id, system_id, expense_item_id, month, initial_plan, revised_plan, forecast, actual, contract_partner) VALUES
  (1, 14, 7, 1, 3500, 3500, 3500, 3480, 'AWS'),
  (1, 14, 7, 2, 3500, 3500, 3500, 3520, 'AWS'),
  (1, 14, 7, 3, 3500, 3500, 3500, 3550, 'AWS'),
  (1, 14, 7, 4, 3500, 3800, 3800, 3810, 'AWS'),
  (1, 14, 7, 5, 3500, 3800, 3800, 3780, 'AWS'),
  (1, 14, 7, 6, 3500, 3800, 4000, 4050, 'AWS'),
  (1, 14, 7, 7, 3500, 3800, 4000, 3980, 'AWS'),
  (1, 14, 7, 8, 3500, 3800, 4000, 4100, 'AWS'),
  (1, 14, 7, 9, 3500, 3800, 4000, 4000, 'AWS'),
  (1, 14, 7, 10, 3500, 3800, 4000, 3950, 'AWS'),
  (1, 14, 7, 11, 3500, 3800, 4000, 0, 'AWS'),
  (1, 14, 7, 12, 3500, 3800, 4000, 0, 'AWS');

-- CMN-MAIL: Microsoft365 - SaaS利用料
INSERT OR IGNORE INTO budget_data (fiscal_year_id, system_id, expense_item_id, month, initial_plan, revised_plan, forecast, actual, contract_partner) VALUES
  (1, 15, 6, 1, 1500, 1500, 1500, 1500, 'マイクロソフト'),
  (1, 15, 6, 2, 1500, 1500, 1500, 1500, 'マイクロソフト'),
  (1, 15, 6, 3, 1500, 1500, 1500, 1520, 'マイクロソフト'),
  (1, 15, 6, 4, 1500, 1600, 1600, 1600, 'マイクロソフト'),
  (1, 15, 6, 5, 1500, 1600, 1600, 1600, 'マイクロソフト'),
  (1, 15, 6, 6, 1500, 1600, 1600, 1580, 'マイクロソフト'),
  (1, 15, 6, 7, 1500, 1600, 1600, 1600, 'マイクロソフト'),
  (1, 15, 6, 8, 1500, 1600, 1600, 1600, 'マイクロソフト'),
  (1, 15, 6, 9, 1500, 1600, 1600, 1600, 'マイクロソフト'),
  (1, 15, 6, 10, 1500, 1600, 1600, 1610, 'マイクロソフト'),
  (1, 15, 6, 11, 1500, 1600, 1600, 0, 'マイクロソフト'),
  (1, 15, 6, 12, 1500, 1600, 1600, 0, 'マイクロソフト');

-- CMN-SEC: 監視・運用
INSERT OR IGNORE INTO budget_data (fiscal_year_id, system_id, expense_item_id, month, initial_plan, revised_plan, forecast, actual, contract_partner) VALUES
  (1, 13, 14, 1, 1500, 1500, 1500, 1500, 'ラック'),
  (1, 13, 14, 2, 1500, 1500, 1500, 1500, 'ラック'),
  (1, 13, 14, 3, 1500, 1500, 1500, 1480, 'ラック'),
  (1, 13, 14, 4, 1500, 1500, 1500, 1500, 'ラック'),
  (1, 13, 14, 5, 1500, 1500, 1500, 1500, 'ラック'),
  (1, 13, 14, 6, 1500, 1500, 1500, 1510, 'ラック'),
  (1, 13, 14, 7, 1500, 1500, 1500, 1500, 'ラック'),
  (1, 13, 14, 8, 1500, 1500, 1500, 1500, 'ラック'),
  (1, 13, 14, 9, 1500, 1500, 1500, 1500, 'ラック'),
  (1, 13, 14, 10, 1500, 1500, 1500, 1500, 'ラック'),
  (1, 13, 14, 11, 1500, 1500, 1500, 0, 'ラック'),
  (1, 13, 14, 12, 1500, 1500, 1500, 0, 'ラック');

-- =============================================
-- FY66 (2026) - Plan only (initial_plan + revised_plan)
-- Represents next year budget planning
-- =============================================

-- CORE-AUTH: HWリース（更改に伴い増額）
INSERT OR IGNORE INTO budget_data (fiscal_year_id, system_id, expense_item_id, month, initial_plan, revised_plan, forecast, actual) VALUES
  (2, 1, 1, 1, 3000, 3000, 0, 0), (2, 1, 1, 2, 3000, 3000, 0, 0),
  (2, 1, 1, 3, 3000, 3000, 0, 0), (2, 1, 1, 4, 3000, 3000, 0, 0),
  (2, 1, 1, 5, 3000, 3000, 0, 0), (2, 1, 1, 6, 3000, 3000, 0, 0),
  (2, 1, 1, 7, 3000, 3000, 0, 0), (2, 1, 1, 8, 3000, 3000, 0, 0),
  (2, 1, 1, 9, 3000, 3000, 0, 0), (2, 1, 1, 10, 3000, 3000, 0, 0),
  (2, 1, 1, 11, 3000, 3000, 0, 0), (2, 1, 1, 12, 3000, 3000, 0, 0);

-- CAFIS回線 FY66
INSERT OR IGNORE INTO budget_data (fiscal_year_id, system_id, expense_item_id, month, initial_plan, revised_plan, forecast, actual) VALUES
  (2, 4, 10, 1, 4800, 4800, 0, 0), (2, 4, 10, 2, 4800, 4800, 0, 0),
  (2, 4, 10, 3, 4800, 4800, 0, 0), (2, 4, 10, 4, 4800, 4800, 0, 0),
  (2, 4, 10, 5, 4800, 4800, 0, 0), (2, 4, 10, 6, 4800, 4800, 0, 0),
  (2, 4, 10, 7, 4800, 4800, 0, 0), (2, 4, 10, 8, 4800, 4800, 0, 0),
  (2, 4, 10, 9, 4800, 4800, 0, 0), (2, 4, 10, 10, 4800, 4800, 0, 0),
  (2, 4, 10, 11, 4800, 4800, 0, 0), (2, 4, 10, 12, 4800, 4800, 0, 0);

-- クラウド基盤 AWS FY66（増加傾向）
INSERT OR IGNORE INTO budget_data (fiscal_year_id, system_id, expense_item_id, month, initial_plan, revised_plan, forecast, actual) VALUES
  (2, 14, 7, 1, 4200, 4200, 0, 0), (2, 14, 7, 2, 4200, 4200, 0, 0),
  (2, 14, 7, 3, 4200, 4200, 0, 0), (2, 14, 7, 4, 4200, 4200, 0, 0),
  (2, 14, 7, 5, 4200, 4200, 0, 0), (2, 14, 7, 6, 4200, 4200, 0, 0),
  (2, 14, 7, 7, 4200, 4200, 0, 0), (2, 14, 7, 8, 4200, 4200, 0, 0),
  (2, 14, 7, 9, 4200, 4200, 0, 0), (2, 14, 7, 10, 4200, 4200, 0, 0),
  (2, 14, 7, 11, 4200, 4200, 0, 0), (2, 14, 7, 12, 4200, 4200, 0, 0);

-- ネットワーク基盤 FY66
INSERT OR IGNORE INTO budget_data (fiscal_year_id, system_id, expense_item_id, month, initial_plan, revised_plan, forecast, actual) VALUES
  (2, 12, 10, 1, 5800, 5800, 0, 0), (2, 12, 10, 2, 5800, 5800, 0, 0),
  (2, 12, 10, 3, 5800, 5800, 0, 0), (2, 12, 10, 4, 5800, 5800, 0, 0),
  (2, 12, 10, 5, 5800, 5800, 0, 0), (2, 12, 10, 6, 5800, 5800, 0, 0),
  (2, 12, 10, 7, 5800, 5800, 0, 0), (2, 12, 10, 8, 5800, 5800, 0, 0),
  (2, 12, 10, 9, 5800, 5800, 0, 0), (2, 12, 10, 10, 5800, 5800, 0, 0),
  (2, 12, 10, 11, 5800, 5800, 0, 0), (2, 12, 10, 12, 5800, 5800, 0, 0);

-- Microsoft365 FY66
INSERT OR IGNORE INTO budget_data (fiscal_year_id, system_id, expense_item_id, month, initial_plan, revised_plan, forecast, actual) VALUES
  (2, 15, 6, 1, 1700, 1700, 0, 0), (2, 15, 6, 2, 1700, 1700, 0, 0),
  (2, 15, 6, 3, 1700, 1700, 0, 0), (2, 15, 6, 4, 1700, 1700, 0, 0),
  (2, 15, 6, 5, 1700, 1700, 0, 0), (2, 15, 6, 6, 1700, 1700, 0, 0),
  (2, 15, 6, 7, 1700, 1700, 0, 0), (2, 15, 6, 8, 1700, 1700, 0, 0),
  (2, 15, 6, 9, 1700, 1700, 0, 0), (2, 15, 6, 10, 1700, 1700, 0, 0),
  (2, 15, 6, 11, 1700, 1700, 0, 0), (2, 15, 6, 12, 1700, 1700, 0, 0);

-- =============================================
-- Budget Comments (variance reasons)
-- =============================================

INSERT OR IGNORE INTO budget_comments (fiscal_year_id, system_id, expense_item_id, period_type, period_value, comment_type, content, created_by) VALUES
  (1, 1, 13, 'annual', NULL, 'variance', 'Q2よりHW更改に伴いベンダー保守費が月300千円増。年間計画比で+3,600千円の見込み。', 1),
  (1, 4, 10, 'half', 2, 'variance', '下期よりCAFIS回線の帯域増強対応。月300千円の増額。CAFIS側の仕様変更に起因。', 2),
  (1, 2, 17, 'annual', NULL, 'variance', '請求システム改修案件が計画比で+4,000千円超過。要件追加（消費税インボイス対応）による増額。', 1),
  (1, 9, 16, 'annual', NULL, 'variance', 'Web会員サービス刷新PJが大幅超過。UI/UX改善の追加要件により計画比+16,000千円の見込み。', 2),
  (1, 14, 7, 'half', 2, 'note', 'クラウド利用量の増加傾向が続く。RI(Reserved Instance)の追加購入を検討中。', 3),
  (1, 8, 7, 'quarter', 2, 'action', 'データマートのクエリ最適化により、7月以降のコスト増加を抑制する施策を実施予定。', 3),
  (1, NULL, NULL, 'annual', NULL, 'risk', 'FY65全体として開発案件の超過傾向が顕著。下期の新規案件承認を慎重に行う必要あり。', 1);
